FPR,TPR,Thresholds,Model
0.0,0.0,inf,XGBoost
0.0,0.008703703703703703,0.9378871321678162,XGBoost
0.0,0.01962962962962963,0.9273282885551453,XGBoost
0.0,0.030925925925925926,0.9239954352378845,XGBoost
0.0,0.04185185185185185,0.9221954345703125,XGBoost
0.0,0.05351851851851852,0.9217463731765747,XGBoost
0.0,0.06537037037037037,0.9203051328659058,XGBoost
0.0,0.075,0.9195330739021301,XGBoost
0.0,0.08925925925925926,0.9179483652114868,XGBoost
0.0,0.1024074074074074,0.9173229932785034,XGBoost
0.0,0.11407407407407408,0.9137029647827148,XGBoost
0.0,0.12666666666666668,0.9136529564857483,XGBoost
0.0,0.13907407407407407,0.9122011065483093,XGBoost
0.0,0.15037037037037038,0.9110321998596191,XGBoost
0.0,0.16055555555555556,0.9109159111976624,XGBoost
0.0,0.17148148148148148,0.9091963171958923,XGBoost
0.0,0.1812962962962963,0.9034608602523804,XGBoost
0.0,0.19055555555555556,0.9031587243080139,XGBoost
0.0,0.20148148148148148,0.9023318886756897,XGBoost
0.0,0.21314814814814814,0.9023169875144958,XGBoost
0.0,0.2237037037037037,0.9012321829795837,XGBoost
0.0,0.23574074074074075,0.9009588360786438,XGBoost
0.0,0.2461111111111111,0.8986808657646179,XGBoost
0.0,0.25685185185185183,0.8967805504798889,XGBoost
0.0,0.26814814814814814,0.8956142663955688,XGBoost
0.0,0.2785185185185185,0.8935497999191284,XGBoost
0.0,0.28759259259259257,0.888134777545929,XGBoost
0.0,0.29648148148148146,0.8862497210502625,XGBoost
0.0,0.30722222222222223,0.8846611976623535,XGBoost
0.0,0.32092592592592595,0.8844960331916809,XGBoost
0.0,0.3309259259259259,0.8834773898124695,XGBoost
0.0,0.3422222222222222,0.8834119439125061,XGBoost
0.0,0.3553703703703704,0.8820385336875916,XGBoost
0.0,0.36703703703703705,0.8807532787322998,XGBoost
0.0,0.3794444444444444,0.8793642520904541,XGBoost
0.0,0.39055555555555554,0.8785039186477661,XGBoost
0.0,0.40185185185185185,0.8783432245254517,XGBoost
0.0,0.41333333333333333,0.8762809038162231,XGBoost
0.0,0.42685185185185187,0.875307559967041,XGBoost
0.0,0.43666666666666665,0.8713285326957703,XGBoost
0.0,0.44851851851851854,0.869883120059967,XGBoost
0.0,0.46074074074074073,0.8645700216293335,XGBoost
0.0,0.47203703703703703,0.8611633777618408,XGBoost
0.0,0.4835185185185185,0.8608152270317078,XGBoost
0.0,0.49314814814814817,0.8601763248443604,XGBoost
0.0,0.5075925925925926,0.8592211008071899,XGBoost
0.0,0.5170370370370371,0.8582963347434998,XGBoost
0.0,0.5274074074074074,0.8525225520133972,XGBoost
0.0,0.539074074074074,0.8524082899093628,XGBoost
0.0,0.5498148148148149,0.849647045135498,XGBoost
0.0,0.5724074074074074,0.8469345569610596,XGBoost
0.0,0.5833333333333334,0.8466014266014099,XGBoost
0.0,0.5937037037037037,0.8452656269073486,XGBoost
0.0,0.6083333333333333,0.8450914621353149,XGBoost
0.0,0.6192592592592593,0.8314160704612732,XGBoost
0.0,0.632962962962963,0.8306092619895935,XGBoost
0.0,0.6581481481481481,0.821653425693512,XGBoost
0.0,0.6668518518518518,0.8182452917098999,XGBoost
0.0,0.6764814814814815,0.8174445033073425,XGBoost
0.0,0.6883333333333334,0.8172661662101746,XGBoost
0.0,0.6981481481481482,0.813140332698822,XGBoost
0.0,0.71,0.8097530007362366,XGBoost
0.0,0.7224074074074074,0.8070461750030518,XGBoost
0.0,0.7314814814814815,0.8048362135887146,XGBoost
0.0,0.7412962962962963,0.8009881377220154,XGBoost
0.0,0.7546296296296297,0.7993136644363403,XGBoost
0.0,0.7668518518518519,0.7778359055519104,XGBoost
0.0,0.7777777777777778,0.7774945497512817,XGBoost
0.0,0.7870370370370371,0.7736024856567383,XGBoost
0.0,0.7975925925925926,0.7641958594322205,XGBoost
0.0,0.8077777777777778,0.7598402500152588,XGBoost
0.0,0.8201851851851852,0.7571093440055847,XGBoost
0.0,0.8283333333333334,0.7544088959693909,XGBoost
0.0,0.8398148148148148,0.7456772923469543,XGBoost
0.0,0.850925925925926,0.7360097765922546,XGBoost
0.0,0.8631481481481481,0.7244372963905334,XGBoost
0.0,0.8738888888888889,0.7219404578208923,XGBoost
0.0,0.8874074074074074,0.7054237127304077,XGBoost
0.0,0.8975925925925926,0.6940250396728516,XGBoost
0.0,0.9088888888888889,0.6692647933959961,XGBoost
0.0,0.9192592592592592,0.653630256652832,XGBoost
0.0,0.9301851851851852,0.652877926826477,XGBoost
0.002361111111111111,0.9503703703703704,0.6391437649726868,XGBoost
0.007175925925925926,0.9712962962962963,0.44993993639945984,XGBoost
0.015231481481481481,0.9792592592592593,0.24113768339157104,XGBoost
0.017777777777777778,0.9792592592592593,0.23867376148700714,XGBoost
0.021157407407407406,0.9792592592592593,0.2134186178445816,XGBoost
0.026203703703703705,0.9887037037037038,0.19520127773284912,XGBoost
0.03342592592592593,1.0,0.17872092127799988,XGBoost
0.03601851851851852,1.0,0.17696018517017365,XGBoost
0.03875,1.0,0.17675651609897614,XGBoost
0.041805555555555554,1.0,0.16395103931427002,XGBoost
0.04462962962962963,1.0,0.16241538524627686,XGBoost
0.04717592592592593,1.0,0.15703029930591583,XGBoost
0.04990740740740741,1.0,0.14727364480495453,XGBoost
0.05236111111111111,1.0,0.143816277384758,XGBoost
0.05476851851851852,1.0,0.14147710800170898,XGBoost
0.05787037037037037,1.0,0.1335524618625641,XGBoost
0.060833333333333336,1.0,0.13167890906333923,XGBoost
0.06393518518518519,1.0,0.12663374841213226,XGBoost
0.06680555555555556,1.0,0.12104726582765579,XGBoost
0.06944444444444445,1.0,0.12029938399791718,XGBoost
0.07148148148148148,1.0,0.12006384879350662,XGBoost
0.07453703703703704,1.0,0.11723846942186356,XGBoost
0.07726851851851851,1.0,0.11626122146844864,XGBoost
0.07958333333333334,1.0,0.11480716615915298,XGBoost
0.08273148148148148,1.0,0.11413942277431488,XGBoost
0.08550925925925926,1.0,0.11229518800973892,XGBoost
0.08810185185185185,1.0,0.1054840013384819,XGBoost
0.09027777777777778,1.0,0.10279315710067749,XGBoost
0.0925462962962963,1.0,0.10107840597629547,XGBoost
0.1025925925925926,1.0,0.09189467877149582,XGBoost
0.10541666666666667,1.0,0.087556853890419,XGBoost
0.10875,1.0,0.08578407764434814,XGBoost
0.11148148148148149,1.0,0.08204802870750427,XGBoost
0.11416666666666667,1.0,0.0802135318517685,XGBoost
0.1175925925925926,1.0,0.0799211636185646,XGBoost
0.12055555555555555,1.0,0.07777515798807144,XGBoost
0.12324074074074073,1.0,0.07578073441982269,XGBoost
0.12606481481481482,1.0,0.07340070605278015,XGBoost
0.12875,1.0,0.07189108431339264,XGBoost
0.13171296296296298,1.0,0.07068736106157303,XGBoost
0.13412037037037036,1.0,0.06851283460855484,XGBoost
0.13657407407407407,1.0,0.06679607182741165,XGBoost
0.1401851851851852,1.0,0.06644779443740845,XGBoost
0.14287037037037037,1.0,0.06498710811138153,XGBoost
0.14546296296296296,1.0,0.06488385051488876,XGBoost
0.14819444444444443,1.0,0.06263428926467896,XGBoost
0.15078703703703702,1.0,0.061554230749607086,XGBoost
0.15361111111111111,1.0,0.061158254742622375,XGBoost
0.1562962962962963,1.0,0.0609678216278553,XGBoost
0.1637037037037037,1.0,0.060189999639987946,XGBoost
0.16648148148148148,1.0,0.05965959280729294,XGBoost
0.16875,1.0,0.05845670774579048,XGBoost
0.17162037037037037,1.0,0.05722711235284805,XGBoost
0.17421296296296296,1.0,0.055648550391197205,XGBoost
0.17694444444444443,1.0,0.05558450520038605,XGBoost
0.17972222222222223,1.0,0.05536713823676109,XGBoost
0.1825462962962963,1.0,0.05529056489467621,XGBoost
0.18546296296296297,1.0,0.05524112656712532,XGBoost
0.18861111111111112,1.0,0.05481545627117157,XGBoost
0.1960185185185185,1.0,0.05441520735621452,XGBoost
0.1986111111111111,1.0,0.05220682919025421,XGBoost
0.20152777777777778,1.0,0.05218309536576271,XGBoost
0.20425925925925925,1.0,0.05214674398303032,XGBoost
0.2099074074074074,1.0,0.05155191570520401,XGBoost
0.2123611111111111,1.0,0.051544319838285446,XGBoost
0.21546296296296297,1.0,0.05127241834998131,XGBoost
0.22287037037037036,1.0,0.051049765199422836,XGBoost
0.22569444444444445,1.0,0.050984881818294525,XGBoost
0.22842592592592592,1.0,0.05047327280044556,XGBoost
0.23092592592592592,1.0,0.050373226404190063,XGBoost
0.2336111111111111,1.0,0.05025123059749603,XGBoost
0.2363888888888889,1.0,0.04969625174999237,XGBoost
0.23930555555555555,1.0,0.04945924133062363,XGBoost
0.24217592592592593,1.0,0.04842502251267433,XGBoost
0.24578703703703703,1.0,0.048285942524671555,XGBoost
0.24837962962962962,1.0,0.04731985554099083,XGBoost
0.25203703703703706,1.0,0.04717963561415672,XGBoost
0.25546296296296295,1.0,0.04694510996341705,XGBoost
0.2582407407407407,1.0,0.04663168638944626,XGBoost
0.26069444444444445,1.0,0.0465797483921051,XGBoost
0.26296296296296295,1.0,0.04619525745511055,XGBoost
0.26578703703703704,1.0,0.045850154012441635,XGBoost
0.26782407407407405,1.0,0.04560977965593338,XGBoost
0.2700462962962963,1.0,0.045444559305906296,XGBoost
0.2725,1.0,0.04503670334815979,XGBoost
0.2750925925925926,1.0,0.04496728628873825,XGBoost
0.27824074074074073,1.0,0.044889651238918304,XGBoost
0.28125,1.0,0.04443753510713577,XGBoost
0.28453703703703703,1.0,0.04430251941084862,XGBoost
0.2874074074074074,1.0,0.04377899691462517,XGBoost
0.2898611111111111,1.0,0.043698906898498535,XGBoost
0.29324074074074075,1.0,0.043413519859313965,XGBoost
0.29555555555555557,1.0,0.04226634278893471,XGBoost
0.2986574074074074,1.0,0.042255155742168427,XGBoost
0.3012962962962963,1.0,0.0421893447637558,XGBoost
0.30462962962962964,1.0,0.041751928627491,XGBoost
0.3073148148148148,1.0,0.041613414883613586,XGBoost
0.3096759259259259,1.0,0.041371140629053116,XGBoost
0.31171296296296297,1.0,0.0412338562309742,XGBoost
0.3145833333333333,1.0,0.04107137396931648,XGBoost
0.3174074074074074,1.0,0.040958862751722336,XGBoost
0.32037037037037036,1.0,0.04071177914738655,XGBoost
0.32351851851851854,1.0,0.04057551547884941,XGBoost
0.32657407407407407,1.0,0.04055360332131386,XGBoost
0.3288888888888889,1.0,0.04054585471749306,XGBoost
0.33111111111111113,1.0,0.040339771658182144,XGBoost
0.33439814814814817,1.0,0.03992892801761627,XGBoost
0.33805555555555555,1.0,0.039553310722112656,XGBoost
0.34032407407407406,1.0,0.03897896036505699,XGBoost
0.3423611111111111,1.0,0.03868364542722702,XGBoost
0.3524074074074074,1.0,0.038306836038827896,XGBoost
0.35550925925925925,1.0,0.03818158060312271,XGBoost
0.35856481481481484,1.0,0.03813666105270386,XGBoost
0.36486111111111114,1.0,0.038066018372774124,XGBoost
0.3673148148148148,1.0,0.03795338794589043,XGBoost
0.36995370370370373,1.0,0.037827443331480026,XGBoost
0.37328703703703703,1.0,0.03774233162403107,XGBoost
0.3759722222222222,1.0,0.03749924153089523,XGBoost
0.37953703703703706,1.0,0.03729286417365074,XGBoost
0.3852777777777778,1.0,0.03724950551986694,XGBoost
0.3880092592592593,1.0,0.037217237055301666,XGBoost
0.3909722222222222,1.0,0.03680207207798958,XGBoost
0.3933333333333333,1.0,0.03677121922373772,XGBoost
0.39944444444444444,1.0,0.03666278347373009,XGBoost
0.40175925925925926,1.0,0.03665577620267868,XGBoost
0.4048611111111111,1.0,0.03615724295377731,XGBoost
0.4076851851851852,1.0,0.03594798222184181,XGBoost
0.41078703703703706,1.0,0.03582014515995979,XGBoost
0.41375,1.0,0.03565001115202904,XGBoost
0.41680555555555554,1.0,0.03551887720823288,XGBoost
0.41944444444444445,1.0,0.035487912595272064,XGBoost
0.4219907407407407,1.0,0.035434238612651825,XGBoost
0.4253240740740741,1.0,0.03540806099772453,XGBoost
0.42898148148148146,1.0,0.03517552465200424,XGBoost
0.4313888888888889,1.0,0.03505724295973778,XGBoost
0.4343518518518519,1.0,0.03453263267874718,XGBoost
0.44046296296296295,1.0,0.034395281225442886,XGBoost
0.44277777777777777,1.0,0.0343887098133564,XGBoost
0.44550925925925927,1.0,0.034228332340717316,XGBoost
0.4479166666666667,1.0,0.03393051400780678,XGBoost
0.45101851851851854,1.0,0.033884771168231964,XGBoost
0.4540740740740741,1.0,0.033415328711271286,XGBoost
0.45689814814814816,1.0,0.033381544053554535,XGBoost
0.4597685185185185,1.0,0.03335306793451309,XGBoost
0.4634259259259259,1.0,0.03300000727176666,XGBoost
0.46578703703703705,1.0,0.03279479965567589,XGBoost
0.46921296296296294,1.0,0.03266482055187225,XGBoost
0.47226851851851853,1.0,0.03232885152101517,XGBoost
0.4752314814814815,1.0,0.03185926377773285,XGBoost
0.47814814814814816,1.0,0.031677573919296265,XGBoost
0.48097222222222225,1.0,0.031505633145570755,XGBoost
0.4837037037037037,1.0,0.03147590905427933,XGBoost
0.4866666666666667,1.0,0.031447794288396835,XGBoost
0.48953703703703705,1.0,0.031290262937545776,XGBoost
0.49212962962962964,1.0,0.030776580795645714,XGBoost
0.49449074074074073,1.0,0.030766524374485016,XGBoost
0.4974074074074074,1.0,0.03021947108209133,XGBoost
0.4999537037037037,1.0,0.030204717069864273,XGBoost
0.5030092592592592,1.0,0.02980254776775837,XGBoost
0.5051851851851852,1.0,0.02972247265279293,XGBoost
0.5084722222222222,1.0,0.029593564569950104,XGBoost
0.5152314814814815,1.0,0.029497886076569557,XGBoost
0.5186574074074074,1.0,0.029308682307600975,XGBoost
0.5212962962962963,1.0,0.029051421210169792,XGBoost
0.5241203703703704,1.0,0.02859095111489296,XGBoost
0.5265740740740741,1.0,0.02840942144393921,XGBoost
0.5293981481481481,1.0,0.02809932269155979,XGBoost
0.5320833333333334,1.0,0.028070371598005295,XGBoost
0.5348148148148149,1.0,0.02774862013757229,XGBoost
0.5377314814814815,1.0,0.02761918120086193,XGBoost
0.5411574074074074,1.0,0.027496011927723885,XGBoost
0.5439814814814815,1.0,0.02740374580025673,XGBoost
0.5465277777777777,1.0,0.027306796982884407,XGBoost
0.5491203703703704,1.0,0.027279088273644447,XGBoost
0.5518518518518518,1.0,0.027019383385777473,XGBoost
0.554675925925926,1.0,0.026996275410056114,XGBoost
0.5614351851851852,1.0,0.026654167100787163,XGBoost
0.5670833333333334,1.0,0.025686658918857574,XGBoost
0.5696296296296296,1.0,0.025617938488721848,XGBoost
0.5722685185185186,1.0,0.025482892990112305,XGBoost
0.5744444444444444,1.0,0.025405175983905792,XGBoost
0.5773611111111111,1.0,0.025365222245454788,XGBoost
0.580462962962963,1.0,0.025211073458194733,XGBoost
0.5872222222222222,1.0,0.025005672127008438,XGBoost
0.5898148148148148,1.0,0.024971630424261093,XGBoost
0.5922685185185185,1.0,0.024873776361346245,XGBoost
0.5956944444444444,1.0,0.024805521592497826,XGBoost
0.5986111111111111,1.0,0.024776697158813477,XGBoost
0.6014814814814815,1.0,0.024493495002388954,XGBoost
0.6040277777777778,1.0,0.024453584104776382,XGBoost
0.6067592592592592,1.0,0.02441459894180298,XGBoost
0.6095833333333334,1.0,0.024077504873275757,XGBoost
0.6122685185185185,1.0,0.02399499900639057,XGBoost
0.6144444444444445,1.0,0.023833928629755974,XGBoost
0.617175925925926,1.0,0.023797843605279922,XGBoost
0.6198611111111111,1.0,0.023773927241563797,XGBoost
0.6227777777777778,1.0,0.02376115508377552,XGBoost
0.6252777777777778,1.0,0.0236323494464159,XGBoost
0.6281018518518519,1.0,0.023630598559975624,XGBoost
0.6306944444444444,1.0,0.023422928526997566,XGBoost
0.6335185185185185,1.0,0.02336908131837845,XGBoost
0.6362962962962962,1.0,0.023230358958244324,XGBoost
0.6391203703703704,1.0,0.023210356011986732,XGBoost
0.6418518518518519,1.0,0.0231549721211195,XGBoost
0.6446759259259259,1.0,0.02292299084365368,XGBoost
0.6475925925925926,1.0,0.022919906303286552,XGBoost
0.6502314814814815,1.0,0.02282247692346573,XGBoost
0.6531944444444444,1.0,0.022781696170568466,XGBoost
0.6562962962962963,1.0,0.02278061769902706,XGBoost
0.6595833333333333,1.0,0.02273576892912388,XGBoost
0.6630092592592592,1.0,0.02257474511861801,XGBoost
0.6656944444444445,1.0,0.022506868466734886,XGBoost
0.668425925925926,1.0,0.022496649995446205,XGBoost
0.6709259259259259,1.0,0.022473393008112907,XGBoost
0.6733796296296296,1.0,0.022318128496408463,XGBoost
0.6759259259259259,1.0,0.0221074428409338,XGBoost
0.6788425925925926,1.0,0.02202453278005123,XGBoost
0.6816666666666666,1.0,0.021774854511022568,XGBoost
0.6843981481481481,1.0,0.021684318780899048,XGBoost
0.6873148148148148,1.0,0.02150236815214157,XGBoost
0.6899537037037037,1.0,0.02141096442937851,XGBoost
0.6930555555555555,1.0,0.021371694281697273,XGBoost
0.6958796296296297,1.0,0.02136341668665409,XGBoost
0.6991666666666667,1.0,0.021329617127776146,XGBoost
0.7018518518518518,1.0,0.02131596952676773,XGBoost
0.7047222222222222,1.0,0.02122448943555355,XGBoost
0.7081481481481482,1.0,0.021178552880883217,XGBoost
0.7108796296296296,1.0,0.021105289459228516,XGBoost
0.7133333333333334,1.0,0.020937807857990265,XGBoost
0.7164814814814815,1.0,0.02093154564499855,XGBoost
0.719212962962963,1.0,0.020785175263881683,XGBoost
0.7220833333333333,1.0,0.02077399753034115,XGBoost
0.7246296296296296,1.0,0.020740153267979622,XGBoost
0.7275462962962963,1.0,0.020662371069192886,XGBoost
0.7303703703703703,1.0,0.020567774772644043,XGBoost
0.7329629629629629,1.0,0.02047521248459816,XGBoost
0.7353703703703703,1.0,0.020225895568728447,XGBoost
0.737824074074074,1.0,0.020061589777469635,XGBoost
0.7403240740740741,1.0,0.02004362642765045,XGBoost
0.7431481481481481,1.0,0.020042143762111664,XGBoost
0.7458333333333333,1.0,0.019997628405690193,XGBoost
0.7486111111111111,1.0,0.01991906389594078,XGBoost
0.7516203703703703,1.0,0.019839977845549583,XGBoost
0.754537037037037,1.0,0.01978037692606449,XGBoost
0.7576851851851852,1.0,0.019599316641688347,XGBoost
0.76,1.0,0.019599106162786484,XGBoost
0.7631018518518519,1.0,0.019589457660913467,XGBoost
0.7656481481481482,1.0,0.01958726905286312,XGBoost
0.7684722222222222,1.0,0.019582774490118027,XGBoost
0.7712037037037037,1.0,0.01949966326355934,XGBoost
0.7768518518518519,1.0,0.01918754167854786,XGBoost
0.78,1.0,0.018923316150903702,XGBoost
0.7827314814814815,1.0,0.018750114366412163,XGBoost
0.7855092592592593,1.0,0.018687119707465172,XGBoost
0.7878240740740741,1.0,0.018614809960126877,XGBoost
0.7904166666666667,1.0,0.018510760739445686,XGBoost
0.7926851851851852,1.0,0.0183828417211771,XGBoost
0.7955092592592593,1.0,0.01837162859737873,XGBoost
0.7981018518518519,1.0,0.01819969154894352,XGBoost
0.8010185185185185,1.0,0.018150724470615387,XGBoost
0.8034722222222223,1.0,0.018127568066120148,XGBoost
0.8058796296296297,1.0,0.01806424930691719,XGBoost
0.8080555555555555,1.0,0.01804361306130886,XGBoost
0.8109722222222222,1.0,0.01797698624432087,XGBoost
0.8139814814814815,1.0,0.017936477437615395,XGBoost
0.8165740740740741,1.0,0.017894895747303963,XGBoost
0.8197222222222222,1.0,0.017752958461642265,XGBoost
0.8228240740740741,1.0,0.017709992825984955,XGBoost
0.8253703703703704,1.0,0.01757477968931198,XGBoost
0.8275462962962963,1.0,0.017424417659640312,XGBoost
0.8301388888888889,1.0,0.017365915700793266,XGBoost
0.8330555555555555,1.0,0.01735357940196991,XGBoost
0.8358796296296296,1.0,0.01734844036400318,XGBoost
0.8381481481481482,1.0,0.017245909199118614,XGBoost
0.8405555555555555,1.0,0.01715446077287197,XGBoost
0.8431481481481482,1.0,0.017074083909392357,XGBoost
0.8456018518518519,1.0,0.017006421461701393,XGBoost
0.8488888888888889,1.0,0.016999900341033936,XGBoost
0.8518055555555556,1.0,0.016862081363797188,XGBoost
0.8548148148148148,1.0,0.01682715117931366,XGBoost
0.8575462962962963,1.0,0.01663300208747387,XGBoost
0.8606481481481482,1.0,0.016614673659205437,XGBoost
0.8631944444444445,1.0,0.01648782193660736,XGBoost
0.8661111111111112,1.0,0.01640636846423149,XGBoost
0.8684259259259259,1.0,0.016360994428396225,XGBoost
0.8710185185185185,1.0,0.016178010031580925,XGBoost
0.8745833333333334,1.0,0.01614912785589695,XGBoost
0.8774074074074074,1.0,0.016099542379379272,XGBoost
0.8801388888888889,1.0,0.015604292042553425,XGBoost
0.8825462962962963,1.0,0.015413832850754261,XGBoost
0.8851388888888889,1.0,0.015177441760897636,XGBoost
0.888287037037037,1.0,0.015145705081522465,XGBoost
0.8912037037037037,1.0,0.015130202285945415,XGBoost
0.8936111111111111,1.0,0.015112156979739666,XGBoost
0.8964351851851852,1.0,0.014430515468120575,XGBoost
0.8986574074074074,1.0,0.014427823014557362,XGBoost
0.905787037037037,1.0,0.014206496998667717,XGBoost
0.91125,1.0,0.0140590351074934,XGBoost
0.9135185185185185,1.0,0.013970422558486462,XGBoost
0.9156944444444445,1.0,0.013747552409768105,XGBoost
0.9186574074074074,1.0,0.013704602606594563,XGBoost
0.9210648148148148,1.0,0.013538958504796028,XGBoost
0.9232870370370371,1.0,0.013538118451833725,XGBoost
0.9264351851851852,1.0,0.013508189469575882,XGBoost
0.9300462962962963,1.0,0.013436882756650448,XGBoost
0.9333333333333333,1.0,0.013370940461754799,XGBoost
0.9442592592592592,1.0,0.013081829994916916,XGBoost
0.9470833333333334,1.0,0.013048388995230198,XGBoost
0.9492592592592592,1.0,0.012897301465272903,XGBoost
0.9515277777777778,1.0,0.012720547616481781,XGBoost
0.9551388888888889,1.0,0.012608285993337631,XGBoost
0.9582407407407407,1.0,0.012577020563185215,XGBoost
0.960925925925926,1.0,0.012438037432730198,XGBoost
0.9638888888888889,1.0,0.012400579638779163,XGBoost
0.9671759259259259,1.0,0.012377230450510979,XGBoost
0.9719907407407408,1.0,0.012125663459300995,XGBoost
0.9768981481481481,1.0,0.011935173533856869,XGBoost
0.9798611111111111,1.0,0.011760782450437546,XGBoost
0.9825462962962963,1.0,0.011668776161968708,XGBoost
0.9852777777777778,1.0,0.010948650538921356,XGBoost
0.9883796296296297,1.0,0.010667119175195694,XGBoost
0.9972685185185185,1.0,0.009914420545101166,XGBoost
1.0,1.0,0.00989820808172226,XGBoost
0.0,0.0,inf,MLP
0.0,0.011296296296296296,0.9999999999419007,MLP
0.0,0.025925925925925925,0.9999976978890159,MLP
0.0,0.03833333333333333,0.9999974139895026,MLP
0.0,0.057962962962962966,0.9999959924949994,MLP
0.0,0.0674074074074074,0.9999959333870068,MLP
0.0,0.07740740740740741,0.9999959014796052,MLP
0.0,0.09111111111111111,0.9999958188650511,MLP
0.0,0.10185185185185185,0.9999951365271429,MLP
0.0,0.11555555555555555,0.9999951260727494,MLP
0.0,0.12518518518518518,0.9999948691028209,MLP
0.0,0.1362962962962963,0.9999945216749617,MLP
0.0,0.15055555555555555,0.999993713658619,MLP
0.0,0.1612962962962963,0.9999934885439853,MLP
0.0,0.17296296296296296,0.9999932888019464,MLP
0.0,0.18314814814814814,0.9999927232473244,MLP
0.0,0.1935185185185185,0.9999926836018078,MLP
0.0,0.2037037037037037,0.9999926387507905,MLP
0.0,0.21407407407407408,0.9999924426337786,MLP
0.0,0.2262962962962963,0.9999917053864964,MLP
0.0,0.23833333333333334,0.9999914136791074,MLP
0.0,0.25092592592592594,0.9999910552429679,MLP
0.0,0.2624074074074074,0.999990751021352,MLP
0.0,0.27166666666666667,0.9999905032299493,MLP
0.0,0.2942592592592593,0.9999900976396,MLP
0.0,0.3075925925925926,0.999989587043242,MLP
0.0,0.31833333333333336,0.9999893610838234,MLP
0.0,0.32814814814814813,0.9999893214501242,MLP
0.0,0.34,0.9999892613481017,MLP
0.0,0.3522222222222222,0.9999892263000485,MLP
0.0,0.3625925925925926,0.9999891815706248,MLP
0.0,0.3731481481481482,0.9999891149610253,MLP
0.0,0.38407407407407407,0.9999890958843093,MLP
0.0,0.3946296296296296,0.9999890571687644,MLP
0.0,0.4274074074074074,0.9999881713918073,MLP
0.0,0.4387037037037037,0.9999878498207243,MLP
0.0,0.4474074074074074,0.9999873407846991,MLP
0.0,0.46185185185185185,0.9999871642243682,MLP
0.0,0.4735185185185185,0.9999870636043916,MLP
0.0,0.4842592592592593,0.9999869214539668,MLP
0.0,0.49537037037037035,0.999986442741616,MLP
0.0,0.5066666666666667,0.9999858449378649,MLP
0.0,0.5201851851851852,0.9999856570659028,MLP
0.0,0.5318518518518518,0.9999856319549904,MLP
0.0,0.5566666666666666,0.9999852116373463,MLP
0.0,0.5655555555555556,0.9999849794147092,MLP
0.0,0.577037037037037,0.9999841658517091,MLP
0.0,0.5851851851851851,0.9999840457019407,MLP
0.0,0.5961111111111111,0.999984045424735,MLP
0.0,0.6075925925925926,0.9999838473989179,MLP
0.0,0.6188888888888889,0.999983808728779,MLP
0.0,0.6307407407407407,0.99998377529862,MLP
0.0,0.6433333333333333,0.999983507362259,MLP
0.0,0.6537037037037037,0.9999819845414237,MLP
0.0,0.6653703703703704,0.9999819287750907,MLP
0.0,0.6762962962962963,0.9999814967141394,MLP
0.0,0.6855555555555556,0.9999805159962366,MLP
0.0,0.6987037037037037,0.9999802501440646,MLP
0.0,0.7077777777777777,0.9999799927460511,MLP
0.0,0.7190740740740741,0.9999783938700609,MLP
0.0,0.73,0.9999768849251502,MLP
0.0,0.7401851851851852,0.9999763143319849,MLP
0.0,0.7514814814814815,0.9999758309212368,MLP
0.0,0.7612962962962962,0.9999757807987302,MLP
0.0,0.7731481481481481,0.9999749268817436,MLP
0.0,0.7818518518518518,0.9999731037907611,MLP
0.0,0.7931481481481482,0.99997210864985,MLP
0.0,0.8035185185185185,0.9999671343697031,MLP
0.0,0.8157407407407408,0.9999657016483409,MLP
0.0,0.8275925925925925,0.9999649829806084,MLP
0.0,0.84,0.9999641811592849,MLP
0.0,0.8496296296296296,0.999961958050444,MLP
0.0,0.8587037037037037,0.9999575168543563,MLP
0.0,0.8703703703703703,0.9999555102652983,MLP
0.0,0.8812962962962962,0.9999517065424993,MLP
0.0,0.8938888888888888,0.9999480320088316,MLP
0.0,0.9035185185185185,0.9999387517341746,MLP
0.0,0.9166666666666666,0.9999312707942666,MLP
0.0,0.9301851851851852,0.9998848247671999,MLP
0.002361111111111111,0.9503703703703704,0.5088941386728351,MLP
0.007407407407407408,0.9598148148148148,0.4841624358000381,MLP
0.012222222222222223,0.9807407407407407,0.38844975249477287,MLP
0.019444444444444445,0.992037037037037,0.3232724512688475,MLP
0.0275,1.0,0.2865594840920576,MLP
0.04231481481481481,1.0,0.002436453089456382,MLP
0.05236111111111111,1.0,0.0015397667823228024,MLP
0.05976851851851852,1.0,0.0006100906992315438,MLP
0.06981481481481482,1.0,0.000178545361999097,MLP
0.07319444444444445,1.0,0.00010663154533228862,MLP
0.07648148148148148,1.0,5.3765785929704574e-05,MLP
0.07962962962962963,1.0,4.1417151452687665e-05,MLP
0.08236111111111111,1.0,3.848818600802386e-05,MLP
0.08476851851851852,1.0,3.676222236634194e-05,MLP
0.08782407407407407,1.0,2.5266879247355443e-05,MLP
0.0900925925925926,1.0,2.3721398581808128e-05,MLP
0.09268518518518519,1.0,2.116859406663338e-05,MLP
0.0949537037037037,1.0,1.947333774452743e-05,MLP
0.0950462962962963,1.0,1.8553802765801167e-05,MLP
0.09773148148148147,1.0,1.8553802765801133e-05,MLP
0.10046296296296296,1.0,1.8424250464453656e-05,MLP
0.10337962962962963,1.0,1.791573053323237e-05,MLP
0.10342592592592592,1.0,1.7900376033703217e-05,MLP
0.10648148148148148,1.0,1.7900376033703187e-05,MLP
0.10652777777777778,1.0,1.784669026077213e-05,MLP
0.10958333333333334,1.0,1.78466902607721e-05,MLP
0.11203703703703703,1.0,1.678746317188455e-05,MLP
0.11796296296296296,1.0,1.6288404314851046e-05,MLP
0.12078703703703704,1.0,1.619071372358746e-05,MLP
0.12351851851851851,1.0,1.5949118197818093e-05,MLP
0.12916666666666668,1.0,1.4851683288902029e-05,MLP
0.1322685185185185,1.0,1.4663098079219491e-05,MLP
0.13449074074074074,1.0,1.4320375742846349e-05,MLP
0.13453703703703704,1.0,1.4320375742846324e-05,MLP
0.13745370370370372,1.0,1.4264682671891965e-05,MLP
0.1399537037037037,1.0,1.4048586668127242e-05,MLP
0.14,1.0,1.4048586668127218e-05,MLP
0.14282407407407408,1.0,1.3940722026862332e-05,MLP
0.1461111111111111,1.0,1.3490861825839041e-05,MLP
0.1461574074074074,1.0,1.3206732709108461e-05,MLP
0.14888888888888888,1.0,1.3206732709108437e-05,MLP
0.15217592592592594,1.0,1.3001706930016907e-05,MLP
0.15222222222222223,1.0,1.2948611174245137e-05,MLP
0.15421296296296297,1.0,1.294861117424509e-05,MLP
0.15712962962962962,1.0,1.2917015539666615e-05,MLP
0.15953703703703703,1.0,1.290601097181007e-05,MLP
0.16236111111111112,1.0,1.2652947709021616e-05,MLP
0.1647685185185185,1.0,1.2189440069779055e-05,MLP
0.16694444444444445,1.0,1.1786940035962644e-05,MLP
0.16953703703703704,1.0,1.1757849919255916e-05,MLP
0.16958333333333334,1.0,1.1265291158053935e-05,MLP
0.17171296296296296,1.0,1.1265291158053914e-05,MLP
0.1748611111111111,1.0,1.1087279012094931e-05,MLP
0.1774537037037037,1.0,1.0878437107949789e-05,MLP
0.1775,1.0,1.0878437107949769e-05,MLP
0.1799074074074074,1.0,1.0783147145652308e-05,MLP
0.18296296296296297,1.0,1.0762219136300798e-05,MLP
0.1887962962962963,1.0,1.0687321270473403e-05,MLP
0.1888425925925926,1.0,1.0687321270473384e-05,MLP
0.19111111111111112,1.0,1.0552804266096282e-05,MLP
0.19402777777777777,1.0,1.040966130832858e-05,MLP
0.19699074074074074,1.0,1.0258438436984047e-05,MLP
0.1998611111111111,1.0,9.785498368886138e-06,MLP
0.2026851851851852,1.0,9.710861991214947e-06,MLP
0.2050925925925926,1.0,9.453239887492045e-06,MLP
0.20791666666666667,1.0,9.39338717413244e-06,MLP
0.21078703703703705,1.0,9.189722414728532e-06,MLP
0.21083333333333334,1.0,8.941039666248479e-06,MLP
0.21342592592592594,1.0,8.941039666248462e-06,MLP
0.21657407407407409,1.0,8.90931914775816e-06,MLP
0.21958333333333332,1.0,8.555763792539793e-06,MLP
0.22180555555555556,1.0,8.526319330090885e-06,MLP
0.2247685185185185,1.0,8.505176383768525e-06,MLP
0.2275925925925926,1.0,8.094832709163046e-06,MLP
0.2301851851851852,1.0,7.917437931775813e-06,MLP
0.2337962962962963,1.0,7.889477593062307e-06,MLP
0.23717592592592593,1.0,7.800534343295387e-06,MLP
0.2402314814814815,1.0,7.5947079734257555e-06,MLP
0.24027777777777778,1.0,7.594707973425742e-06,MLP
0.24319444444444444,1.0,7.5376322616549704e-06,MLP
0.2461574074074074,1.0,7.521759207300664e-06,MLP
0.2488425925925926,1.0,7.439898644013045e-06,MLP
0.2513888888888889,1.0,7.360980258725766e-06,MLP
0.2539814814814815,1.0,7.31289558042555e-06,MLP
0.2562962962962963,1.0,7.229198870330133e-06,MLP
0.25935185185185183,1.0,7.223519902304421e-06,MLP
0.26208333333333333,1.0,7.127427183512575e-06,MLP
0.265,1.0,6.879045948461383e-06,MLP
0.26810185185185187,1.0,6.744066958931302e-06,MLP
0.27037037037037037,1.0,6.732052952913474e-06,MLP
0.27328703703703705,1.0,6.70272085123186e-06,MLP
0.2781018518518519,1.0,6.338540258825781e-06,MLP
0.28069444444444447,1.0,6.265375047272707e-06,MLP
0.28337962962962965,1.0,6.176345960203552e-06,MLP
0.28555555555555556,1.0,6.060794334941738e-06,MLP
0.2887037037037037,1.0,6.05970489169622e-06,MLP
0.2914351851851852,1.0,5.942790324665701e-06,MLP
0.2948148148148148,1.0,5.8901516348443e-06,MLP
0.2975462962962963,1.0,5.889658529081513e-06,MLP
0.3,1.0,5.694724752264046e-06,MLP
0.30287037037037035,1.0,5.680750516650527e-06,MLP
0.305787037037037,1.0,5.410963648014922e-06,MLP
0.3086111111111111,1.0,5.308695475561713e-06,MLP
0.3111574074074074,1.0,5.184663368733087e-06,MLP
0.31421296296296297,1.0,5.184479540348842e-06,MLP
0.3163888888888889,1.0,5.043991273230367e-06,MLP
0.31972222222222224,1.0,4.991531290652824e-06,MLP
0.3225925925925926,1.0,4.93486689167257e-06,MLP
0.3252777777777778,1.0,4.863413837669491e-06,MLP
0.32773148148148146,1.0,4.763991494528461e-06,MLP
0.33055555555555555,1.0,4.5564435021201946e-06,MLP
0.3334722222222222,1.0,4.537388546825266e-06,MLP
0.3335185185185185,1.0,4.537388546825258e-06,MLP
0.3364814814814815,1.0,4.508794118657595e-06,MLP
0.33652777777777776,1.0,4.436707867353798e-06,MLP
0.3396296296296296,1.0,4.4367078673537905e-06,MLP
0.34217592592592594,1.0,4.314823978227353e-06,MLP
0.345,1.0,4.2848953735418075e-06,MLP
0.3477314814814815,1.0,4.282609585141082e-06,MLP
0.3501388888888889,1.0,4.2496564260954355e-06,MLP
0.35300925925925924,1.0,4.2311576695315385e-06,MLP
0.3552777777777778,1.0,4.1937680764559e-06,MLP
0.35800925925925925,1.0,4.175949771665007e-06,MLP
0.3605555555555556,1.0,4.074000323258822e-06,MLP
0.36324074074074075,1.0,4.0109166860257445e-06,MLP
0.3659722222222222,1.0,3.982827199362376e-06,MLP
0.3685648148148148,1.0,3.960610211455376e-06,MLP
0.37199074074074073,1.0,3.9234112431268565e-06,MLP
0.3748148148148148,1.0,3.893659126841712e-06,MLP
0.3771759259259259,1.0,3.780209719114179e-06,MLP
0.37722222222222224,1.0,3.7164074801022595e-06,MLP
0.38055555555555554,1.0,3.7164074801022527e-06,MLP
0.38328703703703704,1.0,3.6885877294803706e-06,MLP
0.38634259259259257,1.0,3.6862653592918198e-06,MLP
0.389212962962963,1.0,3.67709911146883e-06,MLP
0.392037037037037,1.0,3.645571489355879e-06,MLP
0.3975,1.0,3.63282794319237e-06,MLP
0.3997222222222222,1.0,3.6225544160071723e-06,MLP
0.4026388888888889,1.0,3.4373409809714186e-06,MLP
0.4056018518518518,1.0,3.344963744089108e-06,MLP
0.40819444444444447,1.0,3.334024044043023e-06,MLP
0.41152777777777777,1.0,3.325243386343358e-06,MLP
0.41421296296296295,1.0,3.3201698973417185e-06,MLP
0.41782407407407407,1.0,3.1360721596836274e-06,MLP
0.42097222222222225,1.0,2.9958547812563166e-06,MLP
0.4237962962962963,1.0,2.9695996014401196e-06,MLP
0.4272222222222222,1.0,2.891204281387514e-06,MLP
0.4298148148148148,1.0,2.88504912583648e-06,MLP
0.43222222222222223,1.0,2.8723745493345227e-06,MLP
0.43550925925925926,1.0,2.8620827553319923e-06,MLP
0.4404166666666667,1.0,2.7168584893228236e-06,MLP
0.44310185185185186,1.0,2.7166114213678658e-06,MLP
0.4456481481481481,1.0,2.715254674672385e-06,MLP
0.449212962962963,1.0,2.680376713358574e-06,MLP
0.452037037037037,1.0,2.674792178546582e-06,MLP
0.4547685185185185,1.0,2.6619603934537033e-06,MLP
0.46152777777777776,1.0,2.6190669264153262e-06,MLP
0.46421296296296294,1.0,2.6148120010361833e-06,MLP
0.4664814814814815,1.0,2.6123864311686394e-06,MLP
0.46921296296296294,1.0,2.6111804500490776e-06,MLP
0.4714351851851852,1.0,2.458895985748742e-06,MLP
0.4743981481481481,1.0,2.424875383926441e-06,MLP
0.47685185185185186,1.0,2.4233862675052338e-06,MLP
0.4790277777777778,1.0,2.3024139678621594e-06,MLP
0.48185185185185186,1.0,2.2963209994648775e-06,MLP
0.48703703703703705,1.0,2.2796048984301474e-06,MLP
0.4897685185185185,1.0,2.2709073428258697e-06,MLP
0.49287037037037035,1.0,2.245105414444317e-06,MLP
0.4953240740740741,1.0,2.241552823568302e-06,MLP
0.5005092592592593,1.0,2.147527230157164e-06,MLP
0.5040740740740741,1.0,2.1316557872862345e-06,MLP
0.5068518518518519,1.0,2.1205991610043892e-06,MLP
0.5101388888888889,1.0,2.111078889697524e-06,MLP
0.5127314814814815,1.0,2.078466170662972e-06,MLP
0.5181944444444444,1.0,1.9985845962505615e-06,MLP
0.5206018518518518,1.0,1.953960947201618e-06,MLP
0.5235648148148148,1.0,1.9465045215566325e-06,MLP
0.5260185185185186,1.0,1.9370063745769216e-06,MLP
0.5288888888888889,1.0,1.929517265993496e-06,MLP
0.5322222222222223,1.0,1.9253302473118506e-06,MLP
0.5350462962962963,1.0,1.9071195347499294e-06,MLP
0.5370833333333334,1.0,1.8436938700949092e-06,MLP
0.5397685185185185,1.0,1.8401668539488538e-06,MLP
0.5430555555555555,1.0,1.8002696762687928e-06,MLP
0.5456944444444445,1.0,1.7758136706856747e-06,MLP
0.5484722222222222,1.0,1.7697480914971078e-06,MLP
0.5509259259259259,1.0,1.68297631751737e-06,MLP
0.5509722222222222,1.0,1.6829763175173669e-06,MLP
0.5537962962962963,1.0,1.5755631990782748e-06,MLP
0.5538425925925926,1.0,1.5415640769968721e-06,MLP
0.5559722222222222,1.0,1.5415640769968666e-06,MLP
0.5588425925925926,1.0,1.5414317711197937e-06,MLP
0.5624537037037037,1.0,1.531951975648763e-06,MLP
0.5656018518518519,1.0,1.495280042660685e-06,MLP
0.5679166666666666,1.0,1.4500396895884363e-06,MLP
0.5704166666666667,1.0,1.4288761988517698e-06,MLP
0.5725925925925925,1.0,1.408852286999037e-06,MLP
0.575324074074074,1.0,1.3989238788485933e-06,MLP
0.5777777777777777,1.0,1.372363858340012e-06,MLP
0.580462962962963,1.0,1.3281377127269229e-06,MLP
0.5805092592592592,1.0,1.2943316052236747e-06,MLP
0.5831944444444445,1.0,1.2943316052236724e-06,MLP
0.5864814814814815,1.0,1.285832464408203e-06,MLP
0.589212962962963,1.0,1.2683558826879083e-06,MLP
0.5919907407407408,1.0,1.2049601378754e-06,MLP
0.5947222222222223,1.0,1.1984182284979773e-06,MLP
0.5981481481481481,1.0,1.182971514670748e-06,MLP
0.6009722222222222,1.0,1.1723195725222554e-06,MLP
0.6010185185185185,1.0,1.1616298353448548e-06,MLP
0.6030092592592593,1.0,1.1616298353448527e-06,MLP
0.6030555555555556,1.0,9.828178087568283e-07,MLP
0.6055092592592592,1.0,9.828178087568266e-07,MLP
0.6090740740740741,1.0,9.690102213094153e-07,MLP
0.6121296296296296,1.0,8.467588397156309e-07,MLP
0.612175925925926,1.0,8.400840811331728e-07,MLP
0.6157870370370371,1.0,8.400840811331699e-07,MLP
0.6181018518518518,1.0,8.153968500981895e-07,MLP
0.6212037037037037,1.0,8.102697871415862e-07,MLP
0.62125,1.0,8.102697871415833e-07,MLP
0.6249074074074074,1.0,7.161827663268455e-07,MLP
0.6276388888888889,1.0,7.157395013209869e-07,MLP
0.6276851851851852,1.0,6.667584183263999e-07,MLP
0.6312962962962962,1.0,6.667584183263975e-07,MLP
0.6341203703703704,1.0,6.348244554744205e-07,MLP
0.6375462962962963,1.0,6.164171887332723e-07,MLP
0.6411111111111111,1.0,5.052986589200199e-07,MLP
0.6437962962962963,1.0,4.823617507209113e-07,MLP
0.6463425925925926,1.0,4.808145833775406e-07,MLP
0.6489351851851852,1.0,4.455742544790805e-07,MLP
0.6513888888888889,1.0,4.3595827567441106e-07,MLP
0.6536111111111111,1.0,4.1281555889868586e-07,MLP
0.656712962962963,1.0,4.0634763096581435e-07,MLP
0.6594907407407408,1.0,3.8301764803123724e-07,MLP
0.6622222222222223,1.0,3.405679290677961e-07,MLP
0.6622685185185185,1.0,3.4056792906779545e-07,MLP
0.6648611111111111,1.0,3.270609271013272e-07,MLP
0.6672685185185185,1.0,2.9814853302590346e-07,MLP
0.6708796296296297,1.0,2.7827390312285555e-07,MLP
0.6735648148148148,1.0,2.7647138589198714e-07,MLP
0.6760185185185185,1.0,2.6217649197028276e-07,MLP
0.6783796296296296,1.0,2.5629267325822676e-07,MLP
0.6806481481481481,1.0,2.4760324265562126e-07,MLP
0.6831018518518519,1.0,2.443603357649837e-07,MLP
0.6857407407407408,1.0,2.2590779504488442e-07,MLP
0.6887962962962964,1.0,2.2430323605639834e-07,MLP
0.6918981481481481,1.0,2.1867821909852004e-07,MLP
0.6948148148148148,1.0,2.1720571829172755e-07,MLP
0.6948611111111112,1.0,2.0692534753439536e-07,MLP
0.6981944444444445,1.0,2.0692534753439502e-07,MLP
0.7010648148148149,1.0,2.0642777760925866e-07,MLP
0.7040277777777778,1.0,1.964238150597175e-07,MLP
0.7066203703703704,1.0,1.8432217944703573e-07,MLP
0.7100462962962963,1.0,1.8333426576741167e-07,MLP
0.7133796296296296,1.0,1.7085183357725957e-07,MLP
0.7161111111111111,1.0,1.6154628592103508e-07,MLP
0.7193981481481482,1.0,1.61443197245347e-07,MLP
0.7224537037037037,1.0,1.6072751211735447e-07,MLP
0.7256018518518519,1.0,1.5838107439997523e-07,MLP
0.7290277777777778,1.0,1.558436440352954e-07,MLP
0.7312037037037037,1.0,1.4557740599949532e-07,MLP
0.7336574074074074,1.0,1.4135744582220873e-07,MLP
0.7362037037037037,1.0,1.3759400004305273e-07,MLP
0.7390277777777777,1.0,1.295867094697913e-07,MLP
0.7421296296296296,1.0,1.2213885247140173e-07,MLP
0.7450925925925926,1.0,1.1898173840185095e-07,MLP
0.7479166666666667,1.0,1.1846542531349694e-07,MLP
0.7501851851851852,1.0,1.1001029865375524e-07,MLP
0.7536111111111111,1.0,1.0187260421220123e-07,MLP
0.7565277777777778,1.0,8.60200528924691e-08,MLP
0.7593518518518518,1.0,8.474425452543136e-08,MLP
0.7630092592592592,1.0,7.908571819472898e-08,MLP
0.7657407407407407,1.0,7.431940794297891e-08,MLP
0.7687962962962963,1.0,7.143858055153855e-08,MLP
0.7688425925925926,1.0,7.14385805515383e-08,MLP
0.7715740740740741,1.0,5.671817766753706e-08,MLP
0.7746759259259259,1.0,4.3240090225911526e-08,MLP
0.7776388888888889,1.0,4.2617334587792284e-08,MLP
0.7805092592592593,1.0,3.5608507769364847e-08,MLP
0.7828703703703703,1.0,3.001932804933262e-08,MLP
0.7860185185185186,1.0,2.3785714358483964e-08,MLP
0.7888888888888889,1.0,2.3632043239404803e-08,MLP
0.7915740740740741,1.0,2.298155058365201e-08,MLP
0.7943055555555556,1.0,2.2231303916633274e-08,MLP
0.7973148148148148,1.0,2.121400767325275e-08,MLP
0.8031481481481482,1.0,1.7340223194549267e-08,MLP
0.8058796296296297,1.0,1.588391578119244e-08,MLP
0.8083333333333333,1.0,1.3563237243221203e-08,MLP
0.8114814814814815,1.0,1.1649583009688917e-08,MLP
0.8139351851851852,1.0,1.0929973651419467e-08,MLP
0.8173148148148148,1.0,1.0091128503345744e-08,MLP
0.8200925925925926,1.0,9.92435931205745e-09,MLP
0.8231018518518518,1.0,9.641053926178929e-09,MLP
0.8231481481481482,1.0,9.641053926178894e-09,MLP
0.8261574074074074,1.0,9.331463074156877e-09,MLP
0.8291203703703703,1.0,8.71287966329966e-09,MLP
0.8314351851851852,1.0,8.486011404899532e-09,MLP
0.8339814814814814,1.0,6.683094257674151e-09,MLP
0.8363888888888888,1.0,6.413149547373946e-09,MLP
0.8390277777777778,1.0,5.772970785315702e-09,MLP
0.8417592592592592,1.0,5.331983690694832e-09,MLP
0.8446759259259259,1.0,4.827307447014416e-09,MLP
0.8471759259259259,1.0,3.85006975943497e-09,MLP
0.85,1.0,3.806063389927383e-09,MLP
0.8529166666666667,1.0,3.6496434516636233e-09,MLP
0.8555092592592592,1.0,2.6267103857327524e-09,MLP
0.8601388888888889,1.0,2.134640694184161e-09,MLP
0.8631944444444445,1.0,1.832804831011884e-09,MLP
0.8662962962962963,1.0,1.3877874651490557e-09,MLP
0.8692129629629629,1.0,1.336845527972937e-09,MLP
0.872037037037037,1.0,1.2314575231277656e-09,MLP
0.8772222222222222,1.0,8.258150800922805e-10,MLP
0.8772685185185185,1.0,8.258150800922776e-10,MLP
0.8798611111111111,1.0,7.238651180561598e-10,MLP
0.8855092592592593,1.0,5.397571903992892e-10,MLP
0.8886111111111111,1.0,3.993492274244538e-10,MLP
0.8914351851851852,1.0,3.8366282711330736e-10,MLP
0.8934722222222222,1.0,3.631796523025399e-10,MLP
0.8965740740740741,1.0,3.358401266116585e-10,MLP
0.8991203703703704,1.0,2.354254189692174e-10,MLP
0.9018518518518519,1.0,1.2421678158790992e-10,MLP
0.9042129629629629,1.0,9.127295229788624e-11,MLP
0.9073148148148148,1.0,8.801141130827403e-11,MLP
0.9100462962962963,1.0,8.591448785375802e-11,MLP
0.9100925925925926,1.0,7.01036504385532e-11,MLP
0.9126851851851852,1.0,7.01036504385527e-11,MLP
0.9180555555555555,1.0,4.436056004831006e-11,MLP
0.9208796296296297,1.0,3.5977662676037314e-11,MLP
0.9234259259259259,1.0,3.3499055843794856e-11,MLP
0.9262037037037038,1.0,3.338647191259954e-11,MLP
0.9292592592592592,1.0,3.152547752789263e-11,MLP
0.9293055555555556,1.0,1.83709560822962e-11,MLP
0.9320833333333334,1.0,1.8370956082296134e-11,MLP
0.9349074074074074,1.0,1.7594697951603196e-11,MLP
0.9377777777777778,1.0,1.5682181685076984e-11,MLP
0.940462962962963,1.0,1.2275781923066783e-11,MLP
0.9434722222222223,1.0,1.1629384296146412e-11,MLP
0.9462962962962963,1.0,9.144321701978906e-12,MLP
0.9497222222222222,1.0,7.457644372288013e-12,MLP
0.9527777777777777,1.0,6.9564806854703555e-12,MLP
0.9552314814814815,1.0,6.755328308307225e-12,MLP
0.9580092592592593,1.0,3.750504895548732e-12,MLP
0.9580555555555555,1.0,3.750504895548719e-12,MLP
0.9606944444444444,1.0,3.080966386948569e-12,MLP
0.9638425925925926,1.0,2.5868950131076613e-12,MLP
0.9666666666666667,1.0,2.3232716873622694e-12,MLP
0.9695833333333334,1.0,2.0617143471049286e-12,MLP
0.9696296296296296,1.0,1.496254618819688e-12,MLP
0.9718981481481481,1.0,1.4962546188196773e-12,MLP
0.975,1.0,1.0812477038401728e-12,MLP
0.9777314814814815,1.0,8.667635159357005e-13,MLP
0.9803240740740741,1.0,7.967830620340014e-13,MLP
0.9803703703703703,1.0,4.1341526581833445e-13,MLP
0.9862037037037037,1.0,2.515107057008002e-13,MLP
0.9890277777777777,1.0,1.4544455442359514e-13,MLP
0.991712962962963,1.0,1.2217199572506728e-13,MLP
0.9946296296296296,1.0,4.865401130394741e-14,MLP
0.997175925925926,1.0,2.6338469152904195e-14,MLP
1.0,1.0,2.6263879290141255e-16,MLP
0.0,0.0,inf,Random Forest
0.0,0.09425925925925926,1.0,Random Forest
0.0,0.10462962962962963,0.9964128494943486,Random Forest
0.0,0.11648148148148148,0.9958280342825546,Random Forest
0.0,0.1272222222222222,0.995562818877551,Random Forest
0.0,0.14148148148148149,0.9954122304122304,Random Forest
0.0,0.15296296296296297,0.9872927564486648,Random Forest
0.0,0.16462962962962963,0.9864375366879554,Random Forest
0.0,0.17907407407407408,0.9864008659266428,Random Forest
0.0,0.18944444444444444,0.9852019450658815,Random Forest
0.0,0.20037037037037037,0.983499705751148,Random Forest
0.0,0.2114814814814815,0.9827390746603819,Random Forest
0.0,0.2222222222222222,0.9823296710264544,Random Forest
0.0,0.23685185185185184,0.9823005635224084,Random Forest
0.0,0.24814814814814815,0.9787199870167601,Random Forest
0.0,0.25722222222222224,0.9781425515997622,Random Forest
0.0,0.26851851851851855,0.9744649433613566,Random Forest
0.0,0.27870370370370373,0.9693846140851634,Random Forest
0.0,0.287962962962963,0.967231516268442,Random Forest
0.0,0.29888888888888887,0.9631152754889116,Random Forest
0.0,0.31055555555555553,0.9630674124898208,Random Forest
0.0,0.32185185185185183,0.9615769607765807,Random Forest
0.0,0.33555555555555555,0.959745529577786,Random Forest
0.0,0.3446296296296296,0.9565843662165636,Random Forest
0.0,0.357962962962963,0.9548512585062464,Random Forest
0.0,0.36962962962962964,0.9473933709137932,Random Forest
0.0,0.38166666666666665,0.9428641193939291,Random Forest
0.0,0.3927777777777778,0.9413411978301408,Random Forest
0.0,0.40444444444444444,0.9410225874431302,Random Forest
0.0,0.41814814814814816,0.9410188525476255,Random Forest
0.0,0.43,0.9394888900996088,Random Forest
0.0,0.44055555555555553,0.939151612426028,Random Forest
0.0,0.44925925925925925,0.9371963899963017,Random Forest
0.0,0.4627777777777778,0.93597003359363,Random Forest
0.0,0.4735185185185185,0.9345094477413304,Random Forest
0.0,0.48333333333333334,0.9333338695010557,Random Forest
0.0,0.495,0.9276677401479775,Random Forest
0.0,0.5072222222222222,0.9274937019447771,Random Forest
0.0,0.5196296296296297,0.9253859107558847,Random Forest
0.0,0.5309259259259259,0.9169175352346501,Random Forest
0.0,0.5407407407407407,0.9111750038312009,Random Forest
0.0,0.5514814814814815,0.9062142576204768,Random Forest
0.0,0.5627777777777778,0.9060808832138874,Random Forest
0.0,0.5722222222222222,0.9058007862951765,Random Forest
0.0,0.5848148148148148,0.904858205153555,Random Forest
0.0,0.5951851851851852,0.9032919810004258,Random Forest
0.0,0.6077777777777778,0.9024634829630735,Random Forest
0.0,0.6181481481481481,0.896745410199362,Random Forest
0.0,0.627962962962963,0.8931016661141661,Random Forest
0.0,0.6375925925925926,0.8924543275189086,Random Forest
0.0,0.6488888888888888,0.892387826217476,Random Forest
0.0,0.6607407407407407,0.8906175390199516,Random Forest
0.0,0.6716666666666666,0.885058153518051,Random Forest
0.0,0.6816666666666666,0.8821292365558807,Random Forest
0.0,0.6931481481481482,0.8778942872346295,Random Forest
0.0,0.7055555555555556,0.8708664818479115,Random Forest
0.0,0.7157407407407408,0.8696225807477738,Random Forest
0.0,0.727037037037037,0.867352239858043,Random Forest
0.0,0.7401851851851852,0.8671155891787573,Random Forest
0.0,0.7514814814814815,0.8640687564532159,Random Forest
0.0,0.7620370370370371,0.8499272565865033,Random Forest
0.0,0.7712962962962963,0.8235809629505249,Random Forest
0.0,0.7835185185185185,0.817057596994808,Random Forest
0.0,0.7916666666666666,0.8095006913016023,Random Forest
0.0,0.8025925925925926,0.8046179402938551,Random Forest
0.0,0.8140740740740741,0.7694624387282869,Random Forest
0.0,0.8264814814814815,0.754133831572976,Random Forest
0.0,0.8387037037037037,0.7363367509118635,Random Forest
0.0,0.8496296296296296,0.690935293676623,Random Forest
0.0,0.8609259259259259,0.6783721703263591,Random Forest
0.0,0.8712962962962963,0.670270583029743,Random Forest
0.002361111111111111,0.8914814814814814,0.651775137479462,Random Forest
0.002361111111111111,0.905,0.6420769661442165,Random Forest
0.007175925925925926,0.9259259259259259,0.6372210064752425,Random Forest
0.007175925925925926,0.9361111111111111,0.485220647107756,Random Forest
0.010138888888888888,0.9361111111111111,0.4646533078325021,Random Forest
0.01287037037037037,0.9361111111111111,0.46320284512762755,Random Forest
0.01597222222222222,0.9361111111111111,0.4413392918012115,Random Forest
0.018518518518518517,0.9361111111111111,0.39017261434470923,Random Forest
0.018518518518518517,0.9485185185185185,0.35647007613727894,Random Forest
0.018518518518518517,0.9594444444444444,0.3385347343768512,Random Forest
0.018518518518518517,0.9712962962962963,0.32398162951071463,Random Forest
0.02189814814814815,0.9712962962962963,0.28301572510006623,Random Forest
0.024953703703703704,0.9712962962962963,0.206523922973286,Random Forest
0.027824074074074074,0.9712962962962963,0.1756077615567303,Random Forest
0.03287037037037037,0.9807407407407407,0.15700950569802513,Random Forest
0.03560185185185185,0.9807407407407407,0.15163626648577558,Random Forest
0.03819444444444445,0.9807407407407407,0.14027551400216212,Random Forest
0.04101851851851852,0.9807407407407407,0.13790848637648456,Random Forest
0.05106481481481481,0.9807407407407407,0.1377074831649678,Random Forest
0.05379629629629629,0.9807407407407407,0.13252743438294134,Random Forest
0.05675925925925926,0.9807407407407407,0.11385793719545945,Random Forest
0.06296296296296296,0.9807407407407407,0.10796707277742457,Random Forest
0.06569444444444444,0.9807407407407407,0.10737571427452225,Random Forest
0.06824074074074074,0.9807407407407407,0.09895751900010943,Random Forest
0.07629629629629629,0.9887037037037038,0.09549211733784241,Random Forest
0.07958333333333334,0.9887037037037038,0.09030276269700296,Random Forest
0.08162037037037037,0.9887037037037038,0.08846779780370011,Random Forest
0.08467592592592593,0.9887037037037038,0.0877496300413331,Random Forest
0.08712962962962963,0.9887037037037038,0.08493138223161101,Random Forest
0.08972222222222222,0.9887037037037038,0.08032041552341732,Random Forest
0.09203703703703704,0.9887037037037038,0.07818612800239662,Random Forest
0.09944444444444445,0.9887037037037038,0.07661886860147026,Random Forest
0.1024074074074074,0.9887037037037038,0.07621506886251955,Random Forest
0.105,0.9887037037037038,0.07578133966842457,Random Forest
0.10782407407407407,0.9887037037037038,0.0741652658042248,Random Forest
0.11023148148148149,0.9887037037037038,0.0740345521459673,Random Forest
0.11287037037037037,0.9887037037037038,0.07089227043954105,Random Forest
0.11560185185185186,0.9887037037037038,0.06968111077364053,Random Forest
0.12282407407407407,1.0,0.06851296460398448,Random Forest
0.12597222222222224,1.0,0.06472871785494073,Random Forest
0.13337962962962963,1.0,0.06370757379592881,Random Forest
0.13597222222222222,1.0,0.0622517841407339,Random Forest
0.1387962962962963,1.0,0.061960559614149424,Random Forest
0.14884259259259258,1.0,0.06106642841796289,Random Forest
0.15166666666666667,1.0,0.05943649129622058,Random Forest
0.15439814814814815,1.0,0.059078354982031546,Random Forest
0.15722222222222224,1.0,0.05897801249756331,Random Forest
0.16032407407407406,1.0,0.058741298241428604,Random Forest
0.16328703703703704,1.0,0.05842705217812402,Random Forest
0.1663888888888889,1.0,0.056711734045392585,Random Forest
0.16925925925925925,1.0,0.05566769738384538,Random Forest
0.1723611111111111,1.0,0.05423667114408677,Random Forest
0.1748611111111111,1.0,0.05278477170318666,Random Forest
0.17759259259259258,1.0,0.05269657117175873,Random Forest
0.1801851851851852,1.0,0.05142077915893679,Random Forest
0.18300925925925926,1.0,0.051203869102239084,Random Forest
0.19041666666666668,1.0,0.05088891442511389,Random Forest
0.19314814814814815,1.0,0.050673246913585324,Random Forest
0.19569444444444445,1.0,0.048567182071110084,Random Forest
0.19787037037037036,1.0,0.04794376744658518,Random Forest
0.20060185185185186,1.0,0.047777806184763946,Random Forest
0.20398148148148149,1.0,0.047761090653109,Random Forest
0.20680555555555555,1.0,0.047593517878782354,Random Forest
0.2099074074074074,1.0,0.046760067091826875,Random Forest
0.2127314814814815,1.0,0.04652123079742889,Random Forest
0.21587962962962962,1.0,0.046248793854849764,Random Forest
0.2187037037037037,1.0,0.04574378236407993,Random Forest
0.22125,1.0,0.04450422579872598,Random Forest
0.2237037037037037,1.0,0.043510803397748196,Random Forest
0.2262962962962963,1.0,0.04218420152341073,Random Forest
0.22898148148148148,1.0,0.04171760246646666,Random Forest
0.2313425925925926,1.0,0.04092455449117277,Random Forest
0.23407407407407407,1.0,0.04021345930741349,Random Forest
0.2361111111111111,1.0,0.03960653264052945,Random Forest
0.23907407407407408,1.0,0.03908007328319964,Random Forest
0.24199074074074073,1.0,0.03761794911427494,Random Forest
0.24509259259259258,1.0,0.03751182523869223,Random Forest
0.2474074074074074,1.0,0.037205677390767807,Random Forest
0.25046296296296294,1.0,0.03700436380469541,Random Forest
0.2529166666666667,1.0,0.0369905444787165,Random Forest
0.2559722222222222,1.0,0.036612014657909336,Random Forest
0.25907407407407407,1.0,0.03656358930514298,Random Forest
0.2611111111111111,1.0,0.03450950922121168,Random Forest
0.2644444444444444,1.0,0.03398128897124534,Random Forest
0.26787037037037037,1.0,0.033443307473933793,Random Forest
0.27055555555555555,1.0,0.03312294750014699,Random Forest
0.2736574074074074,1.0,0.03234574469597097,Random Forest
0.27597222222222223,1.0,0.032151664359453956,Random Forest
0.2789351851851852,1.0,0.03183398583328002,Random Forest
0.2815740740740741,1.0,0.031648256014752074,Random Forest
0.28412037037037036,1.0,0.0315353306776984,Random Forest
0.28703703703703703,1.0,0.031333813637948585,Random Forest
0.28976851851851854,1.0,0.031082534900565485,Random Forest
0.29282407407407407,1.0,0.030267187414138124,Random Forest
0.29564814814814816,1.0,0.030235541076789177,Random Forest
0.29907407407407405,1.0,0.029623696842005463,Random Forest
0.30189814814814814,1.0,0.02933704276433324,Random Forest
0.30421296296296296,1.0,0.028875567296856464,Random Forest
0.30712962962962964,1.0,0.028733185581326176,Random Forest
0.31050925925925926,1.0,0.028724508246702293,Random Forest
0.3136111111111111,1.0,0.028310303846595844,Random Forest
0.3163888888888889,1.0,0.028221007428630887,Random Forest
0.3194444444444444,1.0,0.02792122174502544,Random Forest
0.3214814814814815,1.0,0.02791546903295672,Random Forest
0.32449074074074075,1.0,0.02737227363366522,Random Forest
0.32675925925925925,1.0,0.026510458729986273,Random Forest
0.32939814814814816,1.0,0.02636878038767319,Random Forest
0.3322222222222222,1.0,0.025550363487625277,Random Forest
0.3347222222222222,1.0,0.025266726001032094,Random Forest
0.3381018518518519,1.0,0.02513863749261832,Random Forest
0.34097222222222223,1.0,0.02486541016346276,Random Forest
0.3436111111111111,1.0,0.0247289895212388,Random Forest
0.3464351851851852,1.0,0.0244852056454822,Random Forest
0.3491666666666667,1.0,0.023697423102628096,Random Forest
0.3519907407407407,1.0,0.023570987608658757,Random Forest
0.3548611111111111,1.0,0.023282615248973716,Random Forest
0.35768518518518516,1.0,0.022955283199554675,Random Forest
0.3603240740740741,1.0,0.02280322743796476,Random Forest
0.36342592592592593,1.0,0.0227067696942838,Random Forest
0.36592592592592593,1.0,0.021825899411585952,Random Forest
0.36875,1.0,0.021570673419247868,Random Forest
0.37180555555555556,1.0,0.021352053179491473,Random Forest
0.3751851851851852,1.0,0.02104416301639689,Random Forest
0.37777777777777777,1.0,0.02088177427337693,Random Forest
0.38069444444444445,1.0,0.020734380466981263,Random Forest
0.38351851851851854,1.0,0.02070884768614916,Random Forest
0.38680555555555557,1.0,0.020619982167430117,Random Forest
0.3896759259259259,1.0,0.020594025621925513,Random Forest
0.3925,1.0,0.02020730422095493,Random Forest
0.3951851851851852,1.0,0.020204430871147105,Random Forest
0.3980092592592593,1.0,0.020089395922910383,Random Forest
0.40074074074074073,1.0,0.02004722056741441,Random Forest
0.40319444444444447,1.0,0.020043415595526134,Random Forest
0.4060185185185185,1.0,0.01984749923457845,Random Forest
0.4091666666666667,1.0,0.019681506354900194,Random Forest
0.41226851851851853,1.0,0.01937514636978048,Random Forest
0.4148611111111111,1.0,0.018968404703625458,Random Forest
0.41782407407407407,1.0,0.018892361744762123,Random Forest
0.4206944444444444,1.0,0.018504855176062086,Random Forest
0.42342592592592593,1.0,0.01850063164014765,Random Forest
0.425787037037037,1.0,0.018387717451907815,Random Forest
0.42865740740740743,1.0,0.018289989969088757,Random Forest
0.43171296296296297,1.0,0.018146346082518472,Random Forest
0.43453703703703705,1.0,0.01804626386262993,Random Forest
0.43703703703703706,1.0,0.01799336632831468,Random Forest
0.43949074074074074,1.0,0.017757997005978583,Random Forest
0.44185185185185183,1.0,0.017671496251306144,Random Forest
0.4449074074074074,1.0,0.01764092685284036,Random Forest
0.4477314814814815,1.0,0.01758605472761031,Random Forest
0.4500925925925926,1.0,0.017215445510436647,Random Forest
0.4525,1.0,0.0169908959425766,Random Forest
0.45523148148148146,1.0,0.01696514499721403,Random Forest
0.45805555555555555,1.0,0.016688260291698176,Random Forest
0.46074074074074073,1.0,0.0165490910005913,Random Forest
0.4638425925925926,1.0,0.01654353163666965,Random Forest
0.46699074074074076,1.0,0.016487327885337473,Random Forest
0.4698611111111111,1.0,0.01583091891699509,Random Forest
0.4727777777777778,1.0,0.015572948743995191,Random Forest
0.47550925925925924,1.0,0.015524485897647095,Random Forest
0.4781944444444444,1.0,0.015314618041318097,Random Forest
0.4813425925925926,1.0,0.015118888941839149,Random Forest
0.4836574074074074,1.0,0.014832846728058869,Random Forest
0.48625,1.0,0.014673638499160854,Random Forest
0.4887037037037037,1.0,0.01462972107415176,Random Forest
0.49125,1.0,0.01456110633081669,Random Forest
0.4935185185185185,1.0,0.014270422159292742,Random Forest
0.4959722222222222,1.0,0.014033039088577814,Random Forest
0.4987962962962963,1.0,0.01390101940272402,Random Forest
0.5018981481481481,1.0,0.013730003784393558,Random Forest
0.504537037037037,1.0,0.01358759428533661,Random Forest
0.5074537037037037,1.0,0.013587029126565725,Random Forest
0.5105092592592593,1.0,0.013414013494704273,Random Forest
0.5131944444444444,1.0,0.01304339977314574,Random Forest
0.5159722222222223,1.0,0.012836797050446823,Random Forest
0.5186574074074074,1.0,0.012742678571286479,Random Forest
0.5214351851851852,1.0,0.012634017572513184,Random Forest
0.5241666666666667,1.0,0.012544781365831523,Random Forest
0.5272222222222223,1.0,0.012401272039250382,Random Forest
0.5308796296296296,1.0,0.012362221246223373,Random Forest
0.5339814814814815,1.0,0.01199480912708097,Random Forest
0.5368981481481482,1.0,0.011838468343512739,Random Forest
0.5394444444444444,1.0,0.011783852724160089,Random Forest
0.5427314814814815,1.0,0.011654520159201185,Random Forest
0.5457407407407407,1.0,0.01152728923690096,Random Forest
0.5487037037037037,1.0,0.011388740083468196,Random Forest
0.5521296296296296,1.0,0.01134770083795451,Random Forest
0.5548611111111111,1.0,0.011256162325508159,Random Forest
0.5577777777777778,1.0,0.011071713880625526,Random Forest
0.5604166666666667,1.0,0.010901373026043564,Random Forest
0.5635648148148148,1.0,0.010873688479507515,Random Forest
0.5661574074074074,1.0,0.010850096096043118,Random Forest
0.5693055555555555,1.0,0.010556647373734457,Random Forest
0.5718518518518518,1.0,0.010448863931203433,Random Forest
0.5747685185185185,1.0,0.010407840419430997,Random Forest
0.5780555555555555,1.0,0.01030714579760824,Random Forest
0.5808796296296296,1.0,0.010256774739112413,Random Forest
0.5837962962962963,1.0,0.010216265489764304,Random Forest
0.5864814814814815,1.0,0.010197847056766976,Random Forest
0.5895370370370371,1.0,0.010078997863358734,Random Forest
0.5921759259259259,1.0,0.009990639874918663,Random Forest
0.5949537037037037,1.0,0.009783444907196941,Random Forest
0.5979629629629629,1.0,0.009494558577452319,Random Forest
0.6002314814814815,1.0,0.009453845342111002,Random Forest
0.6030555555555556,1.0,0.009359313137303961,Random Forest
0.6060185185185185,1.0,0.009310591808335355,Random Forest
0.6085648148148148,1.0,0.009187183596753419,Random Forest
0.6119907407407408,1.0,0.009152423562750365,Random Forest
0.6146759259259259,1.0,0.009126357928609989,Random Forest
0.617824074074074,1.0,0.008982741138262293,Random Forest
0.6207407407407407,1.0,0.008956247605153657,Random Forest
0.6241666666666666,1.0,0.008857326209664158,Random Forest
0.6267592592592592,1.0,0.008833820087309194,Random Forest
0.6297685185185186,1.0,0.008741759158052064,Random Forest
0.6345833333333334,1.0,0.008208655361005516,Random Forest
0.6375462962962963,1.0,0.008033425779649354,Random Forest
0.6403240740740741,1.0,0.008020332261517812,Random Forest
0.643287037037037,1.0,0.007977792175307374,Random Forest
0.6462037037037037,1.0,0.007838660050419643,Random Forest
0.6486574074074074,1.0,0.0076006943357721036,Random Forest
0.65125,1.0,0.0075326486119098824,Random Forest
0.6541203703703704,1.0,0.0074610720518268605,Random Forest
0.6565740740740741,1.0,0.00745697999280787,Random Forest
0.6601851851851852,1.0,0.007152492435164208,Random Forest
0.6625,1.0,0.007056764057873167,Random Forest
0.6649537037037037,1.0,0.006909277325643011,Random Forest
0.6675462962962962,1.0,0.006567705578001659,Random Forest
0.6704629629629629,1.0,0.006452018396431525,Random Forest
0.6734259259259259,1.0,0.00624160459311719,Random Forest
0.6768055555555555,1.0,0.005825367392701904,Random Forest
0.6791203703703703,1.0,0.005633804064705337,Random Forest
0.6816666666666666,1.0,0.005524646201744209,Random Forest
0.6838425925925926,1.0,0.005506109627762025,Random Forest
0.6872222222222222,1.0,0.005467031530049692,Random Forest
0.6897685185185185,1.0,0.0054225167216402715,Random Forest
0.6925925925925925,1.0,0.0053214615912608185,Random Forest
0.6949074074074074,1.0,0.005245068880920492,Random Forest
0.6978240740740741,1.0,0.005230337439123766,Random Forest
0.7,1.0,0.005210386843786483,Random Forest
0.7025462962962963,1.0,0.0051071166606351795,Random Forest
0.7053703703703704,1.0,0.00498646065260197,Random Forest
0.70875,1.0,0.004976476830509424,Random Forest
0.7110185185185185,1.0,0.004549988891726755,Random Forest
0.7139351851851852,1.0,0.004515851207642619,Random Forest
0.7163888888888889,1.0,0.004502003244516432,Random Forest
0.72,1.0,0.00446147338038586,Random Forest
0.7221759259259259,1.0,0.004143346085564542,Random Forest
0.7255092592592592,1.0,0.0040275651717479564,Random Forest
0.7279629629629629,1.0,0.004023602782528054,Random Forest
0.7307870370370371,1.0,0.003900322571581621,Random Forest
0.7337037037037037,1.0,0.0037732799641603133,Random Forest
0.7365277777777778,1.0,0.003769705974160252,Random Forest
0.7431944444444445,1.0,0.0034819003340584246,Random Forest
0.745462962962963,1.0,0.0033912016173144564,Random Forest
0.7483796296296297,1.0,0.0033767399573520706,Random Forest
0.7512037037037037,1.0,0.0033532096983856807,Random Forest
0.7547685185185186,1.0,0.0032864682864682864,Random Forest
0.7575925925925926,1.0,0.00316861390786651,Random Forest
0.7598611111111111,1.0,0.0029013408196123707,Random Forest
0.7625462962962963,1.0,0.0025573979591836738,Random Forest
0.7654166666666666,1.0,0.0025374995545959416,Random Forest
0.769074074074074,1.0,0.002459086695755325,Random Forest
0.7725,1.0,0.002452513145443781,Random Forest
0.7747685185185185,1.0,0.002429799032952316,Random Forest
0.7775,1.0,0.0023652337376302624,Random Forest
0.7804629629629629,1.0,0.0023382637544926733,Random Forest
0.7838888888888889,1.0,0.0023263042838273266,Random Forest
0.786712962962963,1.0,0.002324124569590051,Random Forest
0.7894444444444444,1.0,0.0021692902358644143,Random Forest
0.792037037037037,1.0,0.002108863771564545,Random Forest
0.7948148148148149,1.0,0.0021080446438775016,Random Forest
0.7975,1.0,0.0021058706108366436,Random Forest
0.8009259259259259,1.0,0.0020323455190092658,Random Forest
0.8065740740740741,1.0,0.001971671691027127,Random Forest
0.8102314814814815,1.0,0.001824878313215325,Random Forest
0.8128240740740741,1.0,0.0017719112891742275,Random Forest
0.8150925925925926,1.0,0.0017660255906783119,Random Forest
0.8177777777777778,1.0,0.001706724940074323,Random Forest
0.8213888888888888,1.0,0.0016955345912513142,Random Forest
0.8243055555555555,1.0,0.0016915404294123187,Random Forest
0.8270833333333333,1.0,0.0016371901601401812,Random Forest
0.8325462962962963,1.0,0.0014291712936397708,Random Forest
0.8354166666666667,1.0,0.0013895136579601145,Random Forest
0.8382407407407407,1.0,0.0013476521771073732,Random Forest
0.8411111111111111,1.0,0.001319158286952315,Random Forest
0.8438425925925926,1.0,0.00126766563702822,Random Forest
0.8468055555555556,1.0,0.0011445949682056954,Random Forest
0.8493981481481482,1.0,0.0011337203161520494,Random Forest
0.8520833333333333,1.0,0.0011150548513480596,Random Forest
0.8548148148148148,1.0,0.0010561233275942694,Random Forest
0.8584722222222222,1.0,0.0010532502223975148,Random Forest
0.8610648148148148,1.0,0.001042327232749061,Random Forest
0.86375,1.0,0.0009223533163265306,Random Forest
0.8666666666666667,1.0,0.000769295143855809,Random Forest
0.8702314814814814,1.0,0.0007507507507507507,Random Forest
0.8754166666666666,1.0,0.0007317073170731707,Random Forest
0.8783333333333333,1.0,0.0006937873193454847,Random Forest
0.8811111111111111,1.0,0.000678893485153558,Random Forest
0.8864814814814815,1.0,0.00040896045918367344,Random Forest
0.8924074074074074,1.0,0.0003317666574509262,Random Forest
0.8959722222222222,1.0,0.00033169533169533164,Random Forest
0.8995833333333333,1.0,0.00028963366655576856,Random Forest
0.9031481481481481,1.0,0.00021885521885521886,Random Forest
1.0,1.0,0.0,Random Forest
0.0,0.0,inf,KNN
0.0,0.9301851851851852,1.0,KNN
0.002361111111111111,0.9503703703703704,0.7142857142857143,KNN
0.007175925925925926,0.9712962962962963,0.5714285714285714,KNN
0.020277777777777777,0.9887037037037038,0.2857142857142857,KNN
0.0275,1.0,0.14285714285714285,KNN
1.0,1.0,0.0,KNN
